<?xml version="1.0" encoding="UTF-8"?>
<urn:OAuthConfig enableOAuth="true" authzCodeLength="30" authzCodeTimeout="60" restrictPlainPKCE="false" includeIssuerInAuthzResponse="false" rollRefreshTokens="false" refreshTokenRollingGracePeriod="60" rollingInterval="0" rollingIntervalTimeUnit="h" refreshTokenLength="42" atmIdForOAuthGrantManagement="" scopeForOAuthGrantManagement="" globalPersistentGrantExpirationTime="-1" globalPersistentGrantExpirationTimeUnit="d" globalPersistentGrantIdleTimeout="30" globalPersistentGrantIdleTimeoutTimeUnit="d" tokenEndpointBaseUrl="" userAuthzUrl="" registeredAuthzPath="" pendingAuthzTimeout="600" bypassActivationCodeConfirmation="false" devicePollingInterval="5" activationCodeCheckMode="AFTER_AUTHENTICATION" enableCookielessUserAuthzAuthnApi="false" clientSecretRetentionPeriod="0" authzConsentSetting="INTERNAL" parTimeout="60" parRefLength="24" parStatus="ENABLED" allowUnidentifiedClientROCreds="false" allowUnidentifiedClientExtensionGrants="false" jwtSecuredAuthorizationResponseModeLifetime="600" dpopProofRequireNonce="false" dpopProofLifetimeSeconds="120" dpopProofEnforceReplayPrevention="false" bypassAuthorizationForApprovedConsents="false" consentLifetimeDays="-1" requireOfflineAccessScopeToIssueRefreshTokens="false" offlineAccessRequireConsentPrompt="false" xmlns:urn="urn:pingidentity.com:pf:oauth:conf">
    <urn:UserKeyToAccessTokenMapping contextId="authz_req|apc.axZnyOWTEhplklsn" tokenManagerId="CIBG">
        <urn1:AttributeMap Name="sub" Type="Authentication Policy Contract" xmlns:urn1="urn:sourceid.org:saml2:metadata-extension:v2">
            <urn1:ValueText>apc.subject</urn1:ValueText>
        </urn1:AttributeMap>
        <urn1:TokenAuthorizationIssuanceCriteria xmlns:urn1="urn:sourceid.org:saml2:metadata-extension:v2"/>
    </urn:UserKeyToAccessTokenMapping>
    <urn:ApcToUserKeyMapping sourcePluginId="B0QTLJPMbQ5iLs1o">
        <urn1:AttributeMap Name="USER_NAME" Type="Authentication Policy Contract" xmlns:urn1="urn:sourceid.org:saml2:metadata-extension:v2">
            <urn1:ValueText>subject</urn1:ValueText>
        </urn1:AttributeMap>
        <urn1:AttributeMap Name="USER_KEY" Type="Authentication Policy Contract" xmlns:urn1="urn:sourceid.org:saml2:metadata-extension:v2">
            <urn1:ValueText>subject</urn1:ValueText>
        </urn1:AttributeMap>
        <urn1:TokenAuthorizationIssuanceCriteria xmlns:urn1="urn:sourceid.org:saml2:metadata-extension:v2"/>
    </urn:ApcToUserKeyMapping>
    <urn:ApcToUserKeyMapping sourcePluginId="axZnyOWTEhplklsn">
        <urn1:AttributeMap Name="USER_NAME" Type="Authentication Policy Contract" xmlns:urn1="urn:sourceid.org:saml2:metadata-extension:v2">
            <urn1:ValueText>subject</urn1:ValueText>
        </urn1:AttributeMap>
        <urn1:AttributeMap Name="USER_KEY" Type="Authentication Policy Contract" xmlns:urn1="urn:sourceid.org:saml2:metadata-extension:v2">
            <urn1:ValueText>subject</urn1:ValueText>
        </urn1:AttributeMap>
        <urn1:TokenAuthorizationIssuanceCriteria xmlns:urn1="urn:sourceid.org:saml2:metadata-extension:v2"/>
    </urn:ApcToUserKeyMapping>
    <urn:ReuseExistingPersistentGrantForGrant>implicit</urn:ReuseExistingPersistentGrantForGrant>
    <urn:AllowAutoAuthzForExistingPersistentGrant>implicit</urn:AllowAutoAuthzForExistingPersistentGrant>
</urn:OAuthConfig>