<?xml version="1.0" encoding="UTF-8"?>
<urn:OpenIdConnectProviderPolicy enabled="true" defaultPolicyGroupId="CIBG" trackUserSessionsForLogout="false" xmlns:urn="urn:pingidentity.com:pf:openid:connect:idp:policy">
    <urn:ProviderPolicyGroup policyId="CIBG" idTokenLife="5" includeSriInIdToken="false" includeUserInfoInIdToken="false" includeSHashInIdToken="false" includeX5tInIdToken="false" idTokenTypHeaderValue="" returnIdTokenOnRefreshGrant="false" reissueIdTokenHybridFlows="false" policyName="CIBG" accessTokenManagerId="CIBG" lastModified="2024-09-19T06:50:13.853Z">
        <urn:UserInfoMapping>
            <urn1:AttributeMap Name="sub" Type="Token" xmlns:urn1="urn:sourceid.org:saml2:metadata-extension:v2">
                <urn1:ValueText>sub</urn1:ValueText>
            </urn1:AttributeMap>
            <urn1:TokenAuthorizationIssuanceCriteria xmlns:urn1="urn:sourceid.org:saml2:metadata-extension:v2"/>
        </urn:UserInfoMapping>
        <urn:scopeAttributesMap/>
        <urn:attributeContractInclusionMap/>
        <urn:ExtendedAttributesAdditionalProperties/>
    </urn:ProviderPolicyGroup>
</urn:OpenIdConnectProviderPolicy>