<?xml version="1.0" encoding="UTF-8"?>
<sk:systemKeys xmlns:sk="http://pingidentity.com/2018/01/system-keys">
    <sk:currentKey>
        <sk:key>eyJhbGciOiJkaXIiLCJlbmMiOiJBMTI4Q0JDLUhTMjU2Iiwia2lkIjoieW9Vc2tjRDVJMSIsInZlcnNpb24iOiIxMi4xLjEuMCIsInppcCI6IkRFRiJ9..2QxAAlgW27oFdi989151Zg.LrassDpZvD2GZNiPIPsTrefDpY8GMGNGtV9xTLhOKYg_v5lOfYOEBacqW39vPty4.YiyLCDM0V0CphkPMTKIBmQ</sk:key>
        <sk:generatedTime>2024-09-19T04:30:00.410Z</sk:generatedTime>
    </sk:currentKey>
    <sk:previousKey xsi:nil="true" xmlns:xsi="http://www.w3.org/2001/XMLSchema-instance"/>
    <sk:pendingKey>
        <sk:key>eyJhbGciOiJkaXIiLCJlbmMiOiJBMTI4Q0JDLUhTMjU2Iiwia2lkIjoieW9Vc2tjRDVJMSIsInZlcnNpb24iOiIxMi4xLjEuMCIsInppcCI6IkRFRiJ9..Ok8RpVjgV5-lAZk8tMoXbw.wVQ3Of03XKQb6lZqbQJHauFC1QnT3LNGJgXKQbQmoIFcPKcjxR5u9uKSqiIJ2qTm.viwa-sS2iHd_aufV0WMDng</sk:key>
        <sk:generatedTime>2024-09-19T04:30:00.411Z</sk:generatedTime>
    </sk:pendingKey>
</sk:systemKeys>