<?xml version="1.0" encoding="UTF-8"?>
<ldap:ldap-sources xmlns:ldap="http://pingidentity.com/2004/09/ldap-ds">
    <ldap:ldap-source id="LDAP-6847968BB9120A62A24119F54A3E2440EA2FA8B5" maskAttributeValues="false" ldapType="PingDirectory" ldapTypeDesc="PingDirectory" lastModified="2024-09-19T06:03:47.658Z" testOnBorrow="false" testOnReturn="false" createIfNecessary="true" retryFailedOperations="false" minIdle="10" maxActive="100" maxWait="-1" timeBetweenEvictionRunsMillis="60000" readTimeoutMillis="3000" connTimeoutMillis="3000" verifyHost="true" dnsTtlMillis="60000" ldapDnsSrvPrefix="_ldap._tcp" ldapsDnsSrvPrefix="_ldaps._tcp">
        <ldap:host>pingdirectory-cluster.ciam-dev.svc.cluster.local:1389</ldap:host>
        <ldap:principal>cn=administrator</ldap:principal>
        <ldap:use-ssl>false</ldap:use-ssl>
        <ldap:use-dns-srv-records>false</ldap:use-dns-srv-records>
        <ldap:ad-referral>false</ldap:ad-referral>
        <ldap:credentials>eyJhbGciOiJkaXIiLCJlbmMiOiJBMTI4Q0JDLUhTMjU2Iiwia2lkIjoieW9Vc2tjRDVJMSIsInZlcnNpb24iOiIxMi4xLjEuMCJ9..Ki9Thisq8s8GA2j9s7gHIQ.r_OkiQOELwu3-61i1dZ0ng.ZwuzW8dmkHJITugmr3YsQA</ldap:credentials>
        <ldap:authenticationMeth>simple</ldap:authenticationMeth>
        <ldap:description>PingDirectory</ldap:description>
        <ldap:name>PingDirectory</ldap:name>
        <ldap:binaryAttributes/>
        <ldap:ldapHostTagList>
            <ldap:tagEntry host="pingdirectory-cluster.ciam-dev.svc.cluster.local:1389" tags=""/>
            <ldap:tagEntry host="pingdirectory-0.pingdirectory-cluster.ciam-dev.svc.cluster.local:1389" tags="Pingdirectory-0"/>
        </ldap:ldapHostTagList>
        <ldap:clientTlsCertAlias xsi:nil="true" xmlns:xsi="http://www.w3.org/2001/XMLSchema-instance"/>
        <ldap:use-startTLS>false</ldap:use-startTLS>
    </ldap:ldap-source>
</ldap:ldap-sources>