<?xml version="1.0" encoding="UTF-8"?>
<urn:AuthnSelectionConfig lastModifiedMillis="1726729908222" enableAuthnSelection="true" enableSpAuthnSelection="true" failIfNoSelection="false" xmlns:urn="urn:pingidentity.com:pf:authn-selection">
    <urn:AuthnSelectionTrees>
        <urn:AuthnSelectionTree treeId="S2NS1isVRiewOVQ6TqpKpZEwy" treeName="CIBG" disabled="false" authnApiApp="" handleFailuresLocally="false">
            <urn:AstRoot context="">
                <urn:AstAction authnSelectorId="CIBGMobileSelector" xsi:type="urn:AuthnSelectorActionType" xmlns:xsi="http://www.w3.org/2001/XMLSchema-instance"/>
                <urn:AstChild context="No">
                    <urn:AstAction noOpType="CONTINUE" xsi:type="urn:NoOpActionType" xmlns:xsi="http://www.w3.org/2001/XMLSchema-instance"/>
                </urn:AstChild>
                <urn:AstChild context="Yes">
                    <urn:AstAction xsi:type="urn:AuthnSourceActionType" xmlns:xsi="http://www.w3.org/2001/XMLSchema-instance">
                        <urn:AuthnSourceKey type="ADAPTER">IdentifierFirst</urn:AuthnSourceKey>
                        <urn:fallbackToSuccess>false</urn:fallbackToSuccess>
                        <urn:attributeRule>
                            <urn:SourceType>ADAPTER</urn:SourceType>
                            <urn:AuthenticationSourceId>IdentifierFirst</urn:AuthenticationSourceId>
                            <urn:IncomingAttr>isRegistered</urn:IncomingAttr>
                            <urn:Operand>EQUALS_CASE_INSENSITIVE</urn:Operand>
                            <urn:ExpectedValue>False</urn:ExpectedValue>
                            <urn:Result>First Time User</urn:Result>
                        </urn:attributeRule>
                        <urn:attributeRule>
                            <urn:SourceType>ADAPTER</urn:SourceType>
                            <urn:AuthenticationSourceId>IdentifierFirst</urn:AuthenticationSourceId>
                            <urn:IncomingAttr>isRegistered</urn:IncomingAttr>
                            <urn:Operand>EQUALS_CASE_INSENSITIVE</urn:Operand>
                            <urn:ExpectedValue>True</urn:ExpectedValue>
                            <urn:Result>Registered User</urn:Result>
                        </urn:attributeRule>
                        <urn:InputIdMapping Type="Context">
                            <urn1:ValueText xmlns:urn1="urn:sourceid.org:saml2:metadata-extension:v2">context.RequestedUser</urn1:ValueText>
                        </urn:InputIdMapping>
                        <urn:userIdAuthenticated>false</urn:userIdAuthenticated>
                    </urn:AstAction>
                    <urn:AstChild context="Fail">
                        <urn:AstAction noOpType="DONE" xsi:type="urn:NoOpActionType" xmlns:xsi="http://www.w3.org/2001/XMLSchema-instance"/>
                    </urn:AstChild>
                    <urn:AstChild context="First Time User">
                        <urn:AstAction xsi:type="urn:AuthnSourceActionType" xmlns:xsi="http://www.w3.org/2001/XMLSchema-instance">
                            <urn:AuthnSourceKey type="ADAPTER">HTMLForgotPassword</urn:AuthnSourceKey>
                            <urn:fallbackToSuccess>true</urn:fallbackToSuccess>
                            <urn:InputIdMapping Type="Adapter" AttributeSourceId="IdentifierFirst">
                                <urn1:ValueText xmlns:urn1="urn:sourceid.org:saml2:metadata-extension:v2">subject</urn1:ValueText>
                            </urn:InputIdMapping>
                            <urn:userIdAuthenticated>false</urn:userIdAuthenticated>
                        </urn:AstAction>
                        <urn:AstChild context="Fail">
                            <urn:AstAction noOpType="DONE" xsi:type="urn:NoOpActionType" xmlns:xsi="http://www.w3.org/2001/XMLSchema-instance"/>
                        </urn:AstChild>
                        <urn:AstChild context="Success">
                            <urn:AstAction apcId="axZnyOWTEhplklsn" xsi:type="urn:ApcMappingActionType" xmlns:xsi="http://www.w3.org/2001/XMLSchema-instance">
                                <urn:AttributeMapping>
                                    <urn1:AttributeMap Name="subject" Type="Adapter" AttributeSourceId="IdentifierFirst" xmlns:urn1="urn:sourceid.org:saml2:metadata-extension:v2">
                                        <urn1:ValueText>subject</urn1:ValueText>
                                    </urn1:AttributeMap>
                                    <urn1:TokenAuthorizationIssuanceCriteria xmlns:urn1="urn:sourceid.org:saml2:metadata-extension:v2"/>
                                </urn:AttributeMapping>
                            </urn:AstAction>
                        </urn:AstChild>
                    </urn:AstChild>
                    <urn:AstChild context="Registered User">
                        <urn:AstAction noOpType="DONE" xsi:type="urn:NoOpActionType" xmlns:xsi="http://www.w3.org/2001/XMLSchema-instance"/>
                    </urn:AstChild>
                </urn:AstChild>
            </urn:AstRoot>
        </urn:AuthnSelectionTree>
        <urn:AuthnSelectionTree treeId="W1m52R6kNATMkQ3ix54QzAmtr" treeName="CIBG Forgot Password" disabled="false" authnApiApp="" handleFailuresLocally="false">
            <urn:AstRoot context="">
                <urn:AstAction xsi:type="urn:AuthnSourceActionType" xmlns:xsi="http://www.w3.org/2001/XMLSchema-instance">
                    <urn:AuthnSourceKey type="ADAPTER">IdentifierFirst</urn:AuthnSourceKey>
                    <urn:fallbackToSuccess>true</urn:fallbackToSuccess>
                    <urn:InputIdMapping Type="Context">
                        <urn1:ValueText xmlns:urn1="urn:sourceid.org:saml2:metadata-extension:v2">context.RequestedUser</urn1:ValueText>
                    </urn:InputIdMapping>
                    <urn:userIdAuthenticated>true</urn:userIdAuthenticated>
                </urn:AstAction>
                <urn:AstChild context="Fail">
                    <urn:AstAction noOpType="DONE" xsi:type="urn:NoOpActionType" xmlns:xsi="http://www.w3.org/2001/XMLSchema-instance"/>
                </urn:AstChild>
                <urn:AstChild context="Success">
                    <urn:AstAction xsi:type="urn:AuthnSourceActionType" xmlns:xsi="http://www.w3.org/2001/XMLSchema-instance">
                        <urn:AuthnSourceKey type="ADAPTER">EFRRefId</urn:AuthnSourceKey>
                        <urn:fallbackToSuccess>false</urn:fallbackToSuccess>
                        <urn:attributeRule>
                            <urn:SourceType>ADAPTER</urn:SourceType>
                            <urn:AuthenticationSourceId>EFRRefId</urn:AuthenticationSourceId>
                            <urn:IncomingAttr>status</urn:IncomingAttr>
                            <urn:Operand>EQUALS_CASE_INSENSITIVE</urn:Operand>
                            <urn:ExpectedValue>Success</urn:ExpectedValue>
                            <urn:Result>Passed</urn:Result>
                        </urn:attributeRule>
                        <urn:attributeRule>
                            <urn:SourceType>ADAPTER</urn:SourceType>
                            <urn:AuthenticationSourceId>EFRRefId</urn:AuthenticationSourceId>
                            <urn:IncomingAttr>status</urn:IncomingAttr>
                            <urn:Operand>EQUALS_CASE_INSENSITIVE</urn:Operand>
                            <urn:ExpectedValue>Failed</urn:ExpectedValue>
                            <urn:Result>Failed</urn:Result>
                        </urn:attributeRule>
                        <urn:InputIdMapping Type="Adapter" AttributeSourceId="IdentifierFirst">
                            <urn1:ValueText xmlns:urn1="urn:sourceid.org:saml2:metadata-extension:v2">subject</urn1:ValueText>
                        </urn:InputIdMapping>
                        <urn:userIdAuthenticated>false</urn:userIdAuthenticated>
                    </urn:AstAction>
                    <urn:AstChild context="Fail">
                        <urn:AstAction noOpType="DONE" xsi:type="urn:NoOpActionType" xmlns:xsi="http://www.w3.org/2001/XMLSchema-instance"/>
                    </urn:AstChild>
                    <urn:AstChild context="Passed">
                        <urn:AstAction apcId="B0QTLJPMbQ5iLs1o" xsi:type="urn:ApcMappingActionType" xmlns:xsi="http://www.w3.org/2001/XMLSchema-instance">
                            <urn:AttributeMapping>
                                <urn1:AttributeMap Name="subject" Type="Adapter" AttributeSourceId="IdentifierFirst" xmlns:urn1="urn:sourceid.org:saml2:metadata-extension:v2">
                                    <urn1:ValueText>subject</urn1:ValueText>
                                </urn1:AttributeMap>
                                <urn1:TokenAuthorizationIssuanceCriteria xmlns:urn1="urn:sourceid.org:saml2:metadata-extension:v2"/>
                            </urn:AttributeMapping>
                        </urn:AstAction>
                    </urn:AstChild>
                    <urn:AstChild context="Failed">
                        <urn:AstAction noOpType="DONE" xsi:type="urn:NoOpActionType" xmlns:xsi="http://www.w3.org/2001/XMLSchema-instance"/>
                    </urn:AstChild>
                </urn:AstChild>
            </urn:AstRoot>
        </urn:AuthnSelectionTree>
    </urn:AuthnSelectionTrees>
    <urn:DefaultAuthnSources/>
</urn:AuthnSelectionConfig>