<?xml version="1.0" encoding="UTF-8"?>
<urn:Clients xmlns:urn="urn:pingidentity.com:pf:oauth:client">
    <urn:Client client_id="CIBGMobile" name="CIBG Mobile" logo="" secret="bdwSapAHT-MmvtPRbdwRm_Q7a0UGUCSh641qRcIWuzI.oVasGEmk.2" persistentGrantExpirationTime="0" enabled="true" lastModified="2024-09-19T06:53:15.826Z" creationTime="2024-09-19T06:53:15.826Z" bypassApprovalPage="true" restrictScopes="true" jwksUri="" jwks="" clientAuthnType="SECRET" enforceOneTimeJWT="false" isRequireSignedRequest="false">
        <urn:Description/>
        <urn:Grant type="authorization_code"/>
        <urn:SupplementalInfo key="SECRET_CHANGED_TIME" value="1726728795"/>
        <urn:SupplementalInfo key="CREATION_TIME" value="1726728795826"/>
        <urn:SupplementalInfo key="DEVICE_FLOW_SETTING" value="SERVER_DEFAULT"/>
        <urn:SupplementalInfo key="REQUIRE_OFFLINE_ACCESS_SCOPE_TO_ISSUE_REFRESH_TOKENS" value="SERVER_DEFAULT"/>
        <urn:SupplementalInfo key="DEFAULT_ATM_ID" value="CIBG"/>
        <urn:SupplementalInfo key="ALLOW_AUTHORIZATION_DETAIL_TYPES" value="false"/>
        <urn:SupplementalInfo key="RESTRICT_RESPONSE_TYPES" value="false"/>
        <urn:SupplementalInfo key="SECONDARY_SECRET_RETENTION_PERIOD_TYPE" value="SERVER_DEFAULT"/>
        <urn:SupplementalInfo key="ACCESS_SESSION_MANAGEMENT_API" value="true"/>
        <urn:SupplementalInfo key="LOGOUT_MODE" value="NONE"/>
        <urn:SupplementalInfo key="ENABLE_COOKIELESS_AUTHENTICATION_API" value="false"/>
        <urn:SupplementalInfo key="ALLOW_EXCLUSIVE_SCOPES" value="false"/>
        <urn:SupplementalInfo key="REFRESH_TOKEN_ROLLING_GRACE_PERIOD_TYPE" value="SERVER_DEFAULT"/>
        <urn:SupplementalInfo key="PING_ACCESS_LOGOUT_CAPABLE" value="false"/>
        <urn:SupplementalInfo key="ALLOW_AUTHENTICATION_API_INIT" value="true"/>
        <urn:SupplementalInfo key="REQUIRE_PROOF_KEY_FOR_CODE_EXCHANGE" value="false"/>
        <urn:SupplementalInfo key="RESTRICT_TO_DEFAULT_ATM" value="false"/>
        <urn:SupplementalInfo key="ACCESS_SESSION_REVOCATION_API" value="true"/>
        <urn:SupplementalInfo key="PERSISTENT_GRANT_IDLE_TIMEOUT_TYPE" value="SERVER_DEFAULT"/>
        <urn:SupplementalInfo key="PERSISTENT_GRANT_REUSE_TYPE" value="SERVER_DEFAULT"/>
        <urn:SupplementalInfo key="VALIDATE_USING_ALL_ELIGIBLE_ATMS" value="false"/>
        <urn:SupplementalInfo key="ENABLED" value="true"/>
        <urn:SupplementalInfo key="vnd.ping.policy_group_id" value="CIBG"/>
        <urn:SupplementalInfo key="POST_LOGOUT_REDIRECT_URIS" value="[]"/>
    </urn:Client>
</urn:Clients>