<?xml version="1.0" encoding="UTF-8"?>
<urn:PluginConfiguration isInheritExtendedContractAttributes="false" lastModified="2024-09-19T06:05:37.315Z" name="PDPCV" xmlns:urn="urn:sourceid.org:saml2:adapter:conf">
    <urn:Fields>
        <urn:Field name="LDAP Datastore">LDAP-6847968BB9120A62A24119F54A3E2440EA2FA8B5</urn:Field>
        <urn:Field name="Search Base">ou=people,dc=adcb,dc=ae</urn:Field>
        <urn:Field name="Search Filter">mail=${username}</urn:Field>
        <urn:Field name="Scope of Search">Subtree</urn:Field>
        <urn:Field name="Case-Sensitive Matching">true</urn:Field>
        <urn:Field name="Display Name Attribute">displayName</urn:Field>
        <urn:Field name="Mail Attribute">mail</urn:Field>
        <urn:Field name="SMS Attribute"/>
        <urn:Field name="PingID Username Attribute"/>
        <urn:Field name="Mail Search Filter"/>
        <urn:Field name="Username Attribute"/>
        <urn:Field name="Trim Username Spaces For Search">true</urn:Field>
        <urn:Field name="Mail Verified Attribute"/>
        <urn:Field name="Account Disabled Attribute"/>
        <urn:Field name="Enable PingDirectory Detailed Password Policy Requirement Messaging">true</urn:Field>
        <urn:Field name="Expect Password Expired Control">false</urn:Field>
    </urn:Fields>
    <urn:AdvancedFields>
        <urn:Field name="Display Name Attribute">displayName</urn:Field>
        <urn:Field name="Mail Attribute">mail</urn:Field>
        <urn:Field name="SMS Attribute"/>
        <urn:Field name="PingID Username Attribute"/>
        <urn:Field name="Mail Search Filter"/>
        <urn:Field name="Username Attribute"/>
        <urn:Field name="Trim Username Spaces For Search">true</urn:Field>
        <urn:Field name="Mail Verified Attribute"/>
        <urn:Field name="Account Disabled Attribute"/>
        <urn:Field name="Enable PingDirectory Detailed Password Policy Requirement Messaging">true</urn:Field>
        <urn:Field name="Expect Password Expired Control">false</urn:Field>
    </urn:AdvancedFields>
    <urn:Tables>
        <urn:Table name="Authentication Error Overrides"/>
    </urn:Tables>
    <urn:ExtendedContractAttributes/>
    <urn:ExtendedAttributesAdditionalProperties/>
</urn:PluginConfiguration>